payment_id,visitor_passport,date,subscription_id
1,d300f4ba-3557-4ff9-aea3-bc86b04606a7,5/1/2022,1
2,2316ada6-394d-4f1b-86df-e73d2b4e662a,1/6/2021,3
3,678ef751-5512-4f1f-89e6-cf850111393f,3/14/2021,3
4,1adbda64-fcca-47b2-887e-cd1ea5b1c4d5,11/5/2022,2
5,a330d406-ba93-4082-8502-008895fbb6b0,10/24/2021,3
6,a88bf902-d5f6-4996-aaf7-b5d154450ee4,9/2/2021,2
7,e47eb5b2-c1b8-4062-921c-d6b0df988a51,11/11/2020,2
8,1d87cad7-14c2-4c83-961f-ee537801f635,7/12/2022,3
9,8df6c5f3-c111-4f75-a829-5bffe48d4404,11/30/2020,3
10,c99fdcef-fb1a-4f0b-8bde-02f34ac06336,10/3/2022,3
11,3f532e0d-3639-421b-b5c8-c25d5f103c37,11/3/2022,1
12,e0d239a7-5043-41e4-b743-46a0ae3dcd2e,6/28/2022,2
13,e0d239a7-5043-41e4-b743-46a0ae3dcd2e,5/26/2022,3
14,40233460-a8f3-4582-b31c-919568819b1c,10/1/2021,3
15,717feabd-e6c7-4beb-8ec9-6e276a6e745b,6/27/2021,2
16,40233460-a8f3-4582-b31c-919568819b1c,3/20/2022,3
17,3f532e0d-3639-421b-b5c8-c25d5f103c37,12/19/2020,2
18,0fb358c6-718b-4cb9-bc81-659274ec6e49,9/19/2021,1
19,9ef264c4-f1ca-48ff-b8e3-d64d13bed617,3/29/2022,1
20,be5e40e2-8e84-4316-a128-83d57dc86916,6/25/2022,3
21,e0d239a7-5043-41e4-b743-46a0ae3dcd2e,12/31/2020,3
22,93ab90aa-5c59-4d0a-bde3-5a2a0f45991a,5/14/2021,3
23,40233460-a8f3-4582-b31c-919568819b1c,7/3/2022,2
24,cbda3d37-9093-49dd-9726-87c0663486a5,4/17/2022,2
25,3f532e0d-3639-421b-b5c8-c25d5f103c37,3/7/2021,1
26,8df6c5f3-c111-4f75-a829-5bffe48d4404,11/29/2021,3
27,16863102-93cb-4a93-aabf-23473108160d,8/28/2022,3
28,7a3bd145-d33b-442d-afc4-cbfe2f7241e1,8/30/2022,2
29,35b0c25c-b181-4fdc-a341-34b3c783a2ef,10/28/2021,2
30,4da53127-d4d7-4c2e-a3dc-e2651bf458a4,7/4/2022,2
31,3d412fe2-73e0-41a1-8cde-646b7f6a4a54,4/26/2022,3
32,a88bf902-d5f6-4996-aaf7-b5d154450ee4,5/3/2022,3
33,e3cb5674-bb43-40ca-99bc-059cab250049,10/5/2021,3
34,4da53127-d4d7-4c2e-a3dc-e2651bf458a4,2/21/2021,1
35,5b2bbcf2-a36f-404d-b533-ba0bf36536cf,8/15/2022,2
36,c99fdcef-fb1a-4f0b-8bde-02f34ac06336,8/30/2022,3
37,78e5e835-37b4-46e6-b9ef-3d14a3ab45e0,2/5/2021,3
38,f4edd6d5-483a-4765-bf80-bbcf25caf83f,10/7/2022,1
39,0c759cf8-9bbd-4467-9665-6030d52817e3,5/15/2022,3
40,16863102-93cb-4a93-aabf-23473108160d,10/4/2022,2
41,16863102-93cb-4a93-aabf-23473108160d,4/7/2021,2
42,8df6c5f3-c111-4f75-a829-5bffe48d4404,6/21/2021,3
43,0fb358c6-718b-4cb9-bc81-659274ec6e49,12/3/2020,3
44,9ef264c4-f1ca-48ff-b8e3-d64d13bed617,5/12/2022,2
45,65d8c33b-c843-4848-b920-9707a048fdb4,4/11/2022,3
46,7fd00bb1-c88c-4985-8135-42b7f62c115e,2/9/2021,1
47,ea4ff34c-5131-448e-b82e-0e047f100f01,8/29/2022,3
48,84274471-6aad-443d-86f8-4ff388603ee8,12/18/2021,1
49,678ef751-5512-4f1f-89e6-cf850111393f,4/6/2021,3
50,fe32d968-43cd-4da8-b0d4-d3a430a0f9a8,6/29/2022,3
51,a83e1f27-e930-407c-a916-cb8ba05a1960,9/11/2021,3
52,d300f4ba-3557-4ff9-aea3-bc86b04606a7,11/15/2021,3
53,3d412fe2-73e0-41a1-8cde-646b7f6a4a54,8/28/2021,1
54,f6c4d803-826f-48b2-b6ac-84bb2110ac10,12/19/2021,2
55,be5e40e2-8e84-4316-a128-83d57dc86916,4/7/2021,1
56,3d412fe2-73e0-41a1-8cde-646b7f6a4a54,2/21/2022,1
57,d4bcb0fa-bd95-4e8a-bbec-dcc12f776847,3/3/2021,2
58,1adbda64-fcca-47b2-887e-cd1ea5b1c4d5,3/16/2022,2
59,3d412fe2-73e0-41a1-8cde-646b7f6a4a54,4/10/2022,2
60,3f532e0d-3639-421b-b5c8-c25d5f103c37,6/23/2021,3
61,fb1e285a-9431-4145-9a75-c4fbe534f249,9/14/2021,2
62,d300f4ba-3557-4ff9-aea3-bc86b04606a7,10/6/2021,2
63,78e5e835-37b4-46e6-b9ef-3d14a3ab45e0,9/2/2021,1
64,fe32d968-43cd-4da8-b0d4-d3a430a0f9a8,9/16/2021,1
65,717feabd-e6c7-4beb-8ec9-6e276a6e745b,2/4/2021,3
66,060aef7f-b287-40ed-866b-ee4ffd932a93,4/7/2021,1
67,0fb358c6-718b-4cb9-bc81-659274ec6e49,11/4/2022,1
68,d4bcb0fa-bd95-4e8a-bbec-dcc12f776847,2/2/2022,2
69,8df6c5f3-c111-4f75-a829-5bffe48d4404,2/26/2021,1
70,5b2bbcf2-a36f-404d-b533-ba0bf36536cf,10/29/2021,1
71,fe32d968-43cd-4da8-b0d4-d3a430a0f9a8,8/4/2022,1
72,e47eb5b2-c1b8-4062-921c-d6b0df988a51,2/13/2021,3
73,4da53127-d4d7-4c2e-a3dc-e2651bf458a4,2/16/2021,1
74,0f09ecf5-7ca5-4573-a525-85bea269e6b3,3/21/2022,3
75,d300f4ba-3557-4ff9-aea3-bc86b04606a7,12/24/2020,1
76,176a8247-bb3a-46df-ab31-3333f3247219,3/2/2021,2
77,e47eb5b2-c1b8-4062-921c-d6b0df988a51,2/21/2021,1
78,3014a5cf-1edb-442e-8981-61759890ccc0,7/25/2022,2
79,fe32d968-43cd-4da8-b0d4-d3a430a0f9a8,3/22/2022,3
80,3f532e0d-3639-421b-b5c8-c25d5f103c37,7/5/2022,1
81,0fb358c6-718b-4cb9-bc81-659274ec6e49,8/9/2022,3
82,93ab90aa-5c59-4d0a-bde3-5a2a0f45991a,12/18/2020,1
83,5f747790-172a-4676-9c3f-571b024fe66d,8/7/2021,2
84,93ab90aa-5c59-4d0a-bde3-5a2a0f45991a,1/30/2021,3
85,b6143422-35d1-40c2-bd77-b08ed5847bf3,8/15/2021,3
86,7a3bd145-d33b-442d-afc4-cbfe2f7241e1,3/23/2021,2
87,e0d239a7-5043-41e4-b743-46a0ae3dcd2e,2/2/2021,1
88,7a3bd145-d33b-442d-afc4-cbfe2f7241e1,3/11/2021,3
89,0c759cf8-9bbd-4467-9665-6030d52817e3,8/18/2022,1
90,678ef751-5512-4f1f-89e6-cf850111393f,10/19/2021,1
91,0c759cf8-9bbd-4467-9665-6030d52817e3,10/23/2021,2
92,c99fdcef-fb1a-4f0b-8bde-02f34ac06336,10/25/2021,2
93,47e57df4-fabf-48e8-af5a-a777ad879247,4/10/2021,3
94,c99fdcef-fb1a-4f0b-8bde-02f34ac06336,7/13/2021,3
95,678ef751-5512-4f1f-89e6-cf850111393f,9/12/2022,1
96,47e57df4-fabf-48e8-af5a-a777ad879247,12/7/2020,1
97,40233460-a8f3-4582-b31c-919568819b1c,3/8/2022,1
98,4db4cb45-9651-4983-bb0f-5ce4a5fa8dbb,9/20/2022,2
99,1d87cad7-14c2-4c83-961f-ee537801f635,12/18/2021,3
100,cbda3d37-9093-49dd-9726-87c0663486a5,12/9/2021,2
